path,bytes,sha256,permalink
.agents/skills/agent-browser/SKILL.md,2530,34866c7bca14d4ac25d0d379a32576a723792daeb853dd1453d58c27c9202026,https://github.com/superagent-ai/grok-cli/blob/fb97af83f06dca873281d60168430f06c8de6324/.agents/skills/agent-browser/SKILL.md
.agents/skills/agent-desktop/SKILL.md,2878,5b817bb2fa21aa2805bdac04a53e89d018d1fd82df5754b0bcb614382421af6e,https://github.com/superagent-ai/grok-cli/blob/fb97af83f06dca873281d60168430f06c8de6324/.agents/skills/agent-desktop/SKILL.md
.agents/skills/find-skills/SKILL.md,5446,1e85f6f9686e145aca4a124e3b704b9bbea9aa87e08515c1e352eee70f6e6e7a,https://github.com/superagent-ai/grok-cli/blob/fb97af83f06dca873281d60168430f06c8de6324/.agents/skills/find-skills/SKILL.md
.cursor/.gitignore,7,396e3c9d22ce4ce53919500b40edb6bb2bae825bab3121a2280ee0ad3a6aef89,https://github.com/superagent-ai/grok-cli/blob/fb97af83f06dca873281d60168430f06c8de6324/.cursor/.gitignore
.cursor/hooks/state/continual-learning.json,197,38f202d613eec3d83c3be2590973e71d833398e792b651c835771d4d1a8a905b,https://github.com/superagent-ai/grok-cli/blob/fb97af83f06dca873281d60168430f06c8de6324/.cursor/hooks/state/continual-learning.json
.cursor/rules/development-workflow.mdc,1774,67d4d6a7e699bb60c8b8cf99b722da09b159294e711ec2178981b48640655e67,https://github.com/superagent-ai/grok-cli/blob/fb97af83f06dca873281d60168430f06c8de6324/.cursor/rules/development-workflow.mdc
.cursor/rules/project-overview.mdc,2861,523d3251e0676e14b4ac2e80318a19c9c7d1f2c7f99080e349f27a59921466bf,https://github.com/superagent-ai/grok-cli/blob/fb97af83f06dca873281d60168430f06c8de6324/.cursor/rules/project-overview.mdc
.cursor/rules/react-ink-components.mdc,1804,a7f6d55985c37ffe1781261a3eeea8f8a5795ee0ca7980807d0d31187bf6a565,https://github.com/superagent-ai/grok-cli/blob/fb97af83f06dca873281d60168430f06c8de6324/.cursor/rules/react-ink-components.mdc
.cursor/rules/tools-and-agent.mdc,1870,347d4f1d026ea8474dca68e4b8e5e92eb194b7129a09c67be41253d124f104c4,https://github.com/superagent-ai/grok-cli/blob/fb97af83f06dca873281d60168430f06c8de6324/.cursor/rules/tools-and-agent.mdc
.cursor/rules/typescript-conventions.mdc,2003,534ba35cddb4d32bad69568780467125450d13b56fda22b46abdbb644448568d,https://github.com/superagent-ai/grok-cli/blob/fb97af83f06dca873281d60168430f06c8de6324/.cursor/rules/typescript-conventions.mdc
.env.example,414,101e25ee83901dc0b31fe670b70693a57c8f3b8bd8006b7cd3c64d6a2d43060f,https://github.com/superagent-ai/grok-cli/blob/fb97af83f06dca873281d60168430f06c8de6324/.env.example
.github/ISSUE_TEMPLATE/bug_report.yml,486,b4612011e645f5b5b720011be1527915365539eb8f189196983b742a06284da2,https://github.com/superagent-ai/grok-cli/blob/fb97af83f06dca873281d60168430f06c8de6324/.github/ISSUE_TEMPLATE/bug_report.yml
.github/ISSUE_TEMPLATE/feature_request.yml,350,b0e2444faec54acb8d20d4c25b859e327e75bcab1911fd705fac266ed5bc671d,https://github.com/superagent-ai/grok-cli/blob/fb97af83f06dca873281d60168430f06c8de6324/.github/ISSUE_TEMPLATE/feature_request.yml
.github/pull_request_template.md,132,97dfcb13b6c8430fe518269727eda329003513019568e23521b279a42392bae1,https://github.com/superagent-ai/grok-cli/blob/fb97af83f06dca873281d60168430f06c8de6324/.github/pull_request_template.md
.github/workflows/release.yml,3531,54913ac6aaabd1bda009878e803745f841c3a9d95e8fb76996c7e2a8994472b4,https://github.com/superagent-ai/grok-cli/blob/fb97af83f06dca873281d60168430f06c8de6324/.github/workflows/release.yml
.github/workflows/security.yml,763,ebd09b33828c314e3cbe23fa3f007912d2d79ad6f4453da5be2f45307efbf1a3,https://github.com/superagent-ai/grok-cli/blob/fb97af83f06dca873281d60168430f06c8de6324/.github/workflows/security.yml
.github/workflows/typecheck.yml,573,09bb5599f562a0fa49c5996c2f27b29afa3e5ab5b456fa95277239ce5d8ccba3,https://github.com/superagent-ai/grok-cli/blob/fb97af83f06dca873281d60168430f06c8de6324/.github/workflows/typecheck.yml
.gitignore,1492,f14241183f54879e3905e8a67ab97847c1558a0fd9b70e45677488a251ea140b,https://github.com/superagent-ai/grok-cli/blob/fb97af83f06dca873281d60168430f06c8de6324/.gitignore
.husky/pre-commit,19,f4b698a8975bcd1938e70a0d75e36254d6b02755444e774b46f0c8358f1dcccb,https://github.com/superagent-ai/grok-cli/blob/fb97af83f06dca873281d60168430f06c8de6324/.husky/pre-commit
.npmignore,1030,b4f8762a4ebe8438452cafa09375b560b1fe4d3abfa746eaf64475a25f3eccce,https://github.com/superagent-ai/grok-cli/blob/fb97af83f06dca873281d60168430f06c8de6324/.npmignore
AGENTS.md,2106,7b37803590da1833c9255b018de62b5d7bebd6a14d8a074797c2b8736e544933,https://github.com/superagent-ai/grok-cli/blob/fb97af83f06dca873281d60168430f06c8de6324/AGENTS.md
CHANGELOG.md,3814,e18a338c0526954c8087de69bf4c20e16d75d22c5a0a5523e99cbcb3816e13bb,https://github.com/superagent-ai/grok-cli/blob/fb97af83f06dca873281d60168430f06c8de6324/CHANGELOG.md
LICENSE,1080,9012155ed2c4be5d76633815b21976cfc0c13c8c97c3feece96df735e414ec5d,https://github.com/superagent-ai/grok-cli/blob/fb97af83f06dca873281d60168430f06c8de6324/LICENSE
README.md,18853,937bb00f20aa30e04f8863191586fdfa2cfafed1656998d237d8632b55240bee,https://github.com/superagent-ai/grok-cli/blob/fb97af83f06dca873281d60168430f06c8de6324/README.md
biome.json,975,a18896d4dd94f9d822202f6fe922acb4a8ffb80d689713bee601eb754301b97d,https://github.com/superagent-ai/grok-cli/blob/fb97af83f06dca873281d60168430f06c8de6324/biome.json
bun.lock,609383,65cca8f64c9134f5c0c194dc3e718aac66e906a1756c25ee1633b99f9f932a45,https://github.com/superagent-ai/grok-cli/blob/fb97af83f06dca873281d60168430f06c8de6324/bun.lock
install.sh,8049,0c02feddb9a42c9b24240f72a3469098efdd5f883fc419141ae958f42e141697,https://github.com/superagent-ai/grok-cli/blob/fb97af83f06dca873281d60168430f06c8de6324/install.sh
package.json,2139,c564cb8a2fdae13b0ed8b2fcfc2e92dde8296ae78129cf03fb4758436f00ed52,https://github.com/superagent-ai/grok-cli/blob/fb97af83f06dca873281d60168430f06c8de6324/package.json
src/agent/agent.ts,104270,6e539bd4d945378e9f04465a50a19a4cd3718077741c783279162b03e6b93b95,https://github.com/superagent-ai/grok-cli/blob/fb97af83f06dca873281d60168430f06c8de6324/src/agent/agent.ts
src/agent/batch-mode.test.ts,3605,f2f0deca488b537e1d5ce3eb11056d18ad76e45af1544ab005ba8b8f5e7f5c6f,https://github.com/superagent-ai/grok-cli/blob/fb97af83f06dca873281d60168430f06c8de6324/src/agent/batch-mode.test.ts
src/agent/compaction.test.ts,4719,a7d8934a2c4fa533c384001bef281573c8686ab9e6295e3d24c2a4ca8bdb400f,https://github.com/superagent-ai/grok-cli/blob/fb97af83f06dca873281d60168430f06c8de6324/src/agent/compaction.test.ts
src/agent/compaction.ts,14905,52e7dbe062ca1a50f6f46c69e41dbc6ce94f5ebc8ba011c9a7658b7ac04f6ac6,https://github.com/superagent-ai/grok-cli/blob/fb97af83f06dca873281d60168430f06c8de6324/src/agent/compaction.ts
src/agent/delegations.test.ts,4023,c95cf969a462cb606ecdb6bf0da63a43f53e78b7c03c6d0c6aab5e8920859eef,https://github.com/superagent-ai/grok-cli/blob/fb97af83f06dca873281d60168430f06c8de6324/src/agent/delegations.test.ts
src/agent/delegations.ts,11203,1dfa207df600de26b529c73603efaa833b46aa8e41a6514dafbcfce38e3613c2,https://github.com/superagent-ai/grok-cli/blob/fb97af83f06dca873281d60168430f06c8de6324/src/agent/delegations.ts
src/agent/reasoning.test.ts,921,4dba2c7333157f4875db5566c309198f2f3a61b119a109157dc3d50523a8521b,https://github.com/superagent-ai/grok-cli/blob/fb97af83f06dca873281d60168430f06c8de6324/src/agent/reasoning.test.ts
src/agent/reasoning.ts,2025,c109c0b35ae929498dfc31fc160e06d5a2a47f83d56cd0dd14b2b2847100e670,https://github.com/superagent-ai/grok-cli/blob/fb97af83f06dca873281d60168430f06c8de6324/src/agent/reasoning.ts
src/agent/recap.test.ts,4082,4ef93b207095c1cf33a464927a57e5c8ee22ce3de4083e00c75976447db94686,https://github.com/superagent-ai/grok-cli/blob/fb97af83f06dca873281d60168430f06c8de6324/src/agent/recap.test.ts
src/agent/sandbox.test.ts,3665,76740446d7fd069060c036dee322433f5c8cd5ad4453b877b56d6ed51ace162b,https://github.com/superagent-ai/grok-cli/blob/fb97af83f06dca873281d60168430f06c8de6324/src/agent/sandbox.test.ts
src/agent/vision-input.test.ts,2049,d8be768718b3ad0e8c9f0004a009af9894b34d61c94a0be2337d268073b84319,https://github.com/superagent-ai/grok-cli/blob/fb97af83f06dca873281d60168430f06c8de6324/src/agent/vision-input.test.ts
src/agent/vision-input.ts,3329,8533764cfdf7be0fd8f662af8d2622206f8f58ca447a33e19e47adc78b4db51e,https://github.com/superagent-ai/grok-cli/blob/fb97af83f06dca873281d60168430f06c8de6324/src/agent/vision-input.ts
src/audio/stt/engine.ts,1038,987973314a0c694f7368e005c85ad03edb64a5355c382c4935c4a1a3d27369c2,https://github.com/superagent-ai/grok-cli/blob/fb97af83f06dca873281d60168430f06c8de6324/src/audio/stt/engine.ts
src/audio/stt/grok-stt.test.ts,4780,b7cd1b8dacaa8fe8686972f2fd29d7937964e232e5bc127e664e1732a381f939,https://github.com/superagent-ai/grok-cli/blob/fb97af83f06dca873281d60168430f06c8de6324/src/audio/stt/grok-stt.test.ts
src/audio/stt/grok-stt.ts,3536,e27202255a7e4a9099f05a39fb6426ddedc189f16c4961ef43a3134a4409bcf1,https://github.com/superagent-ai/grok-cli/blob/fb97af83f06dca873281d60168430f06c8de6324/src/audio/stt/grok-stt.ts
src/bun-sqlite.d.ts,459,d8f6f6cdec8a750890e179d46c6a80f1cd9f9095b3cf76ef1012b4248ce2f999,https://github.com/superagent-ai/grok-cli/blob/fb97af83f06dca873281d60168430f06c8de6324/src/bun-sqlite.d.ts
src/daemon/scheduler.test.ts,4047,23826bcea4a9263a4e0f19de767ff3917a38ea527362323833abab16615bdbf6,https://github.com/superagent-ai/grok-cli/blob/fb97af83f06dca873281d60168430f06c8de6324/src/daemon/scheduler.test.ts
src/daemon/scheduler.ts,3887,cc48503b363ed82921977f11d1238246e771cffa46583b2790a660dff89c61ce,https://github.com/superagent-ai/grok-cli/blob/fb97af83f06dca873281d60168430f06c8de6324/src/daemon/scheduler.ts
src/grok/batch.test.ts,4402,5798ddfaae13586f6df209189c48551c54ce3670b2214404cebdbc1a6174a62f,https://github.com/superagent-ai/grok-cli/blob/fb97af83f06dca873281d60168430f06c8de6324/src/grok/batch.test.ts
src/grok/batch.ts,10187,c51859f9d8e4ea3f74ec68dfc51bd7547ebfeefa9222d975a3c6eb5951a6e0d9,https://github.com/superagent-ai/grok-cli/blob/fb97af83f06dca873281d60168430f06c8de6324/src/grok/batch.ts
src/grok/client.test.ts,6033,8fbed31c7dde6b99415df60dd224df86b2f6793cbc824668937a9b0a04471818,https://github.com/superagent-ai/grok-cli/blob/fb97af83f06dca873281d60168430f06c8de6324/src/grok/client.test.ts
src/grok/client.ts,4592,be8eb74dd541c9ee239ae66ab2d727063ccb6a012231ddbf781e3f9be3d06416,https://github.com/superagent-ai/grok-cli/blob/fb97af83f06dca873281d60168430f06c8de6324/src/grok/client.ts
src/grok/lsp-tools.test.ts,1913,83c41e06b6ede873b38558b4d16027eccdd71f7f2be4f0d3c51f8abcf932168c,https://github.com/superagent-ai/grok-cli/blob/fb97af83f06dca873281d60168430f06c8de6324/src/grok/lsp-tools.test.ts
src/grok/media.test.ts,4582,0405649a11931b9e2233f57afe94edf3379591d459cd991c2f331b43ba3de121,https://github.com/superagent-ai/grok-cli/blob/fb97af83f06dca873281d60168430f06c8de6324/src/grok/media.test.ts
src/grok/media.ts,11993,b200c30e7612366fa22560f652407df6876cc76ddcd3075ae993e5741bb694e8,https://github.com/superagent-ai/grok-cli/blob/fb97af83f06dca873281d60168430f06c8de6324/src/grok/media.ts
src/grok/models.test.ts,2346,f8e66eed4e55671c67636b7b6e8b104d4a1a3531cb750247742f56513ed8ca42,https://github.com/superagent-ai/grok-cli/blob/fb97af83f06dca873281d60168430f06c8de6324/src/grok/models.test.ts
src/grok/models.ts,3664,baed1910f607501c28ff3c9bce3fc5b3124e9f303ce0c3b258ab417ea9e2a6b1,https://github.com/superagent-ai/grok-cli/blob/fb97af83f06dca873281d60168430f06c8de6324/src/grok/models.ts
src/grok/tool-schemas.test.ts,1008,fd4ba22ef41c7a7a94193d88888d8e751bd9e98344b6efb8c1c294bb818cdddd,https://github.com/superagent-ai/grok-cli/blob/fb97af83f06dca873281d60168430f06c8de6324/src/grok/tool-schemas.test.ts
src/grok/tool-schemas.ts,835,069ce68a944217315db2c4eb359cba491cbd856eac73ee13c9215644ad7a92ab,https://github.com/superagent-ai/grok-cli/blob/fb97af83f06dca873281d60168430f06c8de6324/src/grok/tool-schemas.ts
src/grok/tools.test.ts,9723,b5e4d42f0fdcc455923e1d3db99fa6ffe6641d70b8988111756bc74b0653c871,https://github.com/superagent-ai/grok-cli/blob/fb97af83f06dca873281d60168430f06c8de6324/src/grok/tools.test.ts
src/grok/tools.ts,43172,2fe44edb4dbfb26f05326f4338776cc4fcc7e541532b1e4ef11cb1cae347dce0,https://github.com/superagent-ai/grok-cli/blob/fb97af83f06dca873281d60168430f06c8de6324/src/grok/tools.ts
src/headless/output.test.ts,6467,6929553d376b7674521ebe89848fd2f4f856a16b79aa207f3bae8379e13fc896,https://github.com/superagent-ai/grok-cli/blob/fb97af83f06dca873281d60168430f06c8de6324/src/headless/output.test.ts
src/headless/output.ts,9269,173109d581d159f0d0af9387bd2b9850488cb4f867e95785b55eb59eba0a20f0,https://github.com/superagent-ai/grok-cli/blob/fb97af83f06dca873281d60168430f06c8de6324/src/headless/output.ts
src/hooks/config.ts,1490,973f02156b5904017a7ed602c514ef2f36ac38e20602e38dcb032367ca82e47e,https://github.com/superagent-ai/grok-cli/blob/fb97af83f06dca873281d60168430f06c8de6324/src/hooks/config.ts
src/hooks/executor.ts,6226,6a1c8bcc251a75511da3d5e078ae0ae30be6c96660c6e2b38ca753eaefe99435,https://github.com/superagent-ai/grok-cli/blob/fb97af83f06dca873281d60168430f06c8de6324/src/hooks/executor.ts
src/hooks/index.ts,3151,5da08c0ffa4dc7e8cb5aac4142d0a1ac4b0eedde4591fee26f9ae618acc1f269,https://github.com/superagent-ai/grok-cli/blob/fb97af83f06dca873281d60168430f06c8de6324/src/hooks/index.ts
src/hooks/types.ts,5289,e3d447361a3e44f9615fadbb238a243061502a6269a4e74613b07fd1dcf7b0d2,https://github.com/superagent-ai/grok-cli/blob/fb97af83f06dca873281d60168430f06c8de6324/src/hooks/types.ts
src/index.ts,21095,57bec02b6065466ab20dcc0bc25d7bf78be1e053ebcd5ebbcabe3979a7e87ce1,https://github.com/superagent-ai/grok-cli/blob/fb97af83f06dca873281d60168430f06c8de6324/src/index.ts
src/lsp/builtins.test.ts,3084,3fbbbe3ce9e1afdf3f30ed49c7b86f7584483a28ef5747020bf57cf6ed8f97c0,https://github.com/superagent-ai/grok-cli/blob/fb97af83f06dca873281d60168430f06c8de6324/src/lsp/builtins.test.ts
src/lsp/builtins.ts,13191,044e4d1bcbcea86fa058e19c670087c74b226674c1a236da709f1b116ee3fa15,https://github.com/superagent-ai/grok-cli/blob/fb97af83f06dca873281d60168430f06c8de6324/src/lsp/builtins.ts
src/lsp/client.ts,10314,11d22343e303ee1f9fb0e23edf897f539d97483581054a025e81664fa3a59b79,https://github.com/superagent-ai/grok-cli/blob/fb97af83f06dca873281d60168430f06c8de6324/src/lsp/client.ts
src/lsp/manager.test.ts,5059,8f67543d0d230be6379aba80f4503c58111e2fa6c818843f7ab7f536a7222fd2,https://github.com/superagent-ai/grok-cli/blob/fb97af83f06dca873281d60168430f06c8de6324/src/lsp/manager.test.ts
src/lsp/manager.ts,9618,7fd48c72da9a8cf3dfe412cb2e451e2d8bcb54a1ef28dbfaf00b3965b3d53661,https://github.com/superagent-ai/grok-cli/blob/fb97af83f06dca873281d60168430f06c8de6324/src/lsp/manager.ts
src/lsp/npm-cache.test.ts,2542,fd7b9aff0a6cc5b8330941ac2597132e675553e1ac9a1bc101afaca7972183f6,https://github.com/superagent-ai/grok-cli/blob/fb97af83f06dca873281d60168430f06c8de6324/src/lsp/npm-cache.test.ts
src/lsp/npm-cache.ts,3199,1c10a6f4cdffe088c08d160e8f3cbb1330705a3adf53169bfdf045e66503d15d,https://github.com/superagent-ai/grok-cli/blob/fb97af83f06dca873281d60168430f06c8de6324/src/lsp/npm-cache.ts
src/lsp/runtime.ts,2171,4d9d13f9cca2e1709397b7c36f1bd2c02062d2afd7643d4f07d6c52abf9ece53,https://github.com/superagent-ai/grok-cli/blob/fb97af83f06dca873281d60168430f06c8de6324/src/lsp/runtime.ts
src/lsp/types.ts,2436,cbea906880fe6d2783c25c3ffcbabd4b290d5581bf3333c7a6a84ecb4a38e0ec,https://github.com/superagent-ai/grok-cli/blob/fb97af83f06dca873281d60168430f06c8de6324/src/lsp/types.ts
src/mcp/catalog.ts,3273,0a8f6673e60dc33a5d257420c9a780e874a193672a7d6488ea95cad3184d8a56,https://github.com/superagent-ai/grok-cli/blob/fb97af83f06dca873281d60168430f06c8de6324/src/mcp/catalog.ts
src/mcp/parse-headers.test.ts,1264,02a645bd78addfa9835912bab05a6e686b380a2eebd15045e864f64ce39a2bfb,https://github.com/superagent-ai/grok-cli/blob/fb97af83f06dca873281d60168430f06c8de6324/src/mcp/parse-headers.test.ts
src/mcp/parse-headers.ts,864,a5f406f9e0884e81a0c58c42f78e4e324a9fa1b2f27a5592db10cc510dd6f9be,https://github.com/superagent-ai/grok-cli/blob/fb97af83f06dca873281d60168430f06c8de6324/src/mcp/parse-headers.ts
src/mcp/runtime.ts,2183,133e2a7f9097f166143e3b694919a64b62b17bcbb0a4276bbbf1264315107657,https://github.com/superagent-ai/grok-cli/blob/fb97af83f06dca873281d60168430f06c8de6324/src/mcp/runtime.ts
src/mcp/validate.ts,1328,98559c6f351c9dda93dfb62f10cc286ddf07517d842422e4c9a5b4db584f91ef,https://github.com/superagent-ai/grok-cli/blob/fb97af83f06dca873281d60168430f06c8de6324/src/mcp/validate.ts
src/payments/agentkit-loader.ts,1055,ac9cd7c1d7a1fd837abacb3cb3589f79173821cb0d42a7107503b7cba46777de,https://github.com/superagent-ai/grok-cli/blob/fb97af83f06dca873281d60168430f06c8de6324/src/payments/agentkit-loader.ts
src/payments/brin.ts,2661,eab931544f2e2d3236b839f3e2509b70732ec990544359738bae5525d47f2362,https://github.com/superagent-ai/grok-cli/blob/fb97af83f06dca873281d60168430f06c8de6324/src/payments/brin.ts
src/payments/history.ts,1212,f2780453b1c772adfee3fbf65e9892f7319843302f938740715900085e66a132,https://github.com/superagent-ai/grok-cli/blob/fb97af83f06dca873281d60168430f06c8de6324/src/payments/history.ts
src/payments/service.ts,7388,9e6eaeec0856ad4e93e075a328cdb20e9264e922ea596bdd6d6415a4ff2a85f1,https://github.com/superagent-ai/grok-cli/blob/fb97af83f06dca873281d60168430f06c8de6324/src/payments/service.ts
src/payments/types.ts,835,5ef571ba9a0d0af229aaff2e25ed2606002337ef05619124190c033677c0b09b,https://github.com/superagent-ai/grok-cli/blob/fb97af83f06dca873281d60168430f06c8de6324/src/payments/types.ts
src/storage/db.ts,2592,b5c8c902ca98d8936f647aca5968411b72a406e0691f2826fc6a56ae7f8444af,https://github.com/superagent-ai/grok-cli/blob/fb97af83f06dca873281d60168430f06c8de6324/src/storage/db.ts
src/storage/index.ts,530,17875a51ef393dbc40f77b289807363185d56cbe4a1f358727ce9fb721b30605,https://github.com/superagent-ai/grok-cli/blob/fb97af83f06dca873281d60168430f06c8de6324/src/storage/index.ts
src/storage/migrations.test.ts,1924,eb81fa0882693e57a4924bbf59c721687aa4fb0df897b24c72ed1d7efe2117a6,https://github.com/superagent-ai/grok-cli/blob/fb97af83f06dca873281d60168430f06c8de6324/src/storage/migrations.test.ts
src/storage/migrations.ts,5011,94e0cd391f91b38bf26f2adf472c11404e60edf10623cd986f0b398f22e100c0,https://github.com/superagent-ai/grok-cli/blob/fb97af83f06dca873281d60168430f06c8de6324/src/storage/migrations.ts
src/storage/sessions.test.ts,2195,73c6792602aeff1bf7fd6c258b96820fe4b3ceed3a6f058b47dc8c48e3a8e2b4,https://github.com/superagent-ai/grok-cli/blob/fb97af83f06dca873281d60168430f06c8de6324/src/storage/sessions.test.ts
src/storage/sessions.ts,5198,97ad9dd0cf9515f1e6dfec11a3b7d16ebb676468d2422262d6ce2b608675694d,https://github.com/superagent-ai/grok-cli/blob/fb97af83f06dca873281d60168430f06c8de6324/src/storage/sessions.ts
src/storage/tool-results.ts,1568,4d15178eba9104efd9ce56cbb8bd83d1348b959c22349aa4a2b47ee2928c6565,https://github.com/superagent-ai/grok-cli/blob/fb97af83f06dca873281d60168430f06c8de6324/src/storage/tool-results.ts
src/storage/transcript-view.ts,1257,96cdc06611aee970288b8f0a962588b5a4517705f8919bca9ecb511335e892cd,https://github.com/superagent-ai/grok-cli/blob/fb97af83f06dca873281d60168430f06c8de6324/src/storage/transcript-view.ts
src/storage/transcript.test.ts,782,4c4e1d7f8e90a0d4c1e0c59eac49ec6858ecf55cc8654cfe4043b502bd31b8db,https://github.com/superagent-ai/grok-cli/blob/fb97af83f06dca873281d60168430f06c8de6324/src/storage/transcript.test.ts
src/storage/transcript.ts,11131,e51f186c6fdaf926312739c49516ef0565fea320d33610e1fb36ae803ea75890,https://github.com/superagent-ai/grok-cli/blob/fb97af83f06dca873281d60168430f06c8de6324/src/storage/transcript.ts
src/storage/usage.ts,2672,c13ec3f3f4104b57991f92ef195e456e0709be484bb21159be13128f622d3c8e,https://github.com/superagent-ai/grok-cli/blob/fb97af83f06dca873281d60168430f06c8de6324/src/storage/usage.ts
src/storage/workspaces.ts,2339,868bc079ad0d09c0977c27b754409afb6548e10855579dde74999469a4af9570,https://github.com/superagent-ai/grok-cli/blob/fb97af83f06dca873281d60168430f06c8de6324/src/storage/workspaces.ts
src/telegram/audio-input.test.ts,2773,1edde64368cfe48c53e2c9cdb9fdbf77d293d555479a5b1bec41f1cd81a2a268,https://github.com/superagent-ai/grok-cli/blob/fb97af83f06dca873281d60168430f06c8de6324/src/telegram/audio-input.test.ts
src/telegram/audio-input.ts,4589,5f7374ae6d7145ef809e3b5ff7a2873b0c7d8b2c446b9d03ff0f3a5d35ca463f,https://github.com/superagent-ai/grok-cli/blob/fb97af83f06dca873281d60168430f06c8de6324/src/telegram/audio-input.ts
src/telegram/bridge.test.ts,3018,8ade9e5fe18a5a0072ab11f5d910df273c7ee4e38314546d2d0ffb4c7beb6193,https://github.com/superagent-ai/grok-cli/blob/fb97af83f06dca873281d60168430f06c8de6324/src/telegram/bridge.test.ts
src/telegram/bridge.ts,9097,f9867bad6176812d256579326b2f21f7fdc9b349499874acb198267d6c170680,https://github.com/superagent-ai/grok-cli/blob/fb97af83f06dca873281d60168430f06c8de6324/src/telegram/bridge.ts
src/telegram/headless-bridge-paths.ts,567,d109a5ea908c0744a97630cfa973be44d5305f2288edb460c75306c8946a9d9f,https://github.com/superagent-ai/grok-cli/blob/fb97af83f06dca873281d60168430f06c8de6324/src/telegram/headless-bridge-paths.ts
src/telegram/headless-bridge.test.ts,974,d3d2a8642557b144601f2d4cff85ee16ff39020da8bf1667280056df1b3845f5,https://github.com/superagent-ai/grok-cli/blob/fb97af83f06dca873281d60168430f06c8de6324/src/telegram/headless-bridge.test.ts
src/telegram/headless-bridge.ts,8345,88601a370fe448c4d1fbfd3511e3f2f2cf53425147263e96780758256adea382,https://github.com/superagent-ai/grok-cli/blob/fb97af83f06dca873281d60168430f06c8de6324/src/telegram/headless-bridge.ts
src/telegram/index.ts,360,786353d876fc7fbe69d87aafc32f269cc8f0fd522eac376e266ada8e51eb2ec3,https://github.com/superagent-ai/grok-cli/blob/fb97af83f06dca873281d60168430f06c8de6324/src/telegram/index.ts
src/telegram/limits.test.ts,1003,1ee3a886edc00eb2e61d9926c4c5c551c06e44113b3a2b2ad17773ec5d48ea15,https://github.com/superagent-ai/grok-cli/blob/fb97af83f06dca873281d60168430f06c8de6324/src/telegram/limits.test.ts
src/telegram/limits.ts,357,d78262a27ea21c488f80f6a7bacad15dc1508f8dedae478a6a00de55ed0c6cd2,https://github.com/superagent-ai/grok-cli/blob/fb97af83f06dca873281d60168430f06c8de6324/src/telegram/limits.ts
src/telegram/pairing.ts,1130,6194020f01e46237d98cbcae67806b992e9256077bf00d4edbbb0fb1d8513921,https://github.com/superagent-ai/grok-cli/blob/fb97af83f06dca873281d60168430f06c8de6324/src/telegram/pairing.ts
src/telegram/preview-stream.ts,6961,78cbc93031c4c654be886a9479832b3790d8b1a46bf0c4669d9ebbb31c39c994,https://github.com/superagent-ai/grok-cli/blob/fb97af83f06dca873281d60168430f06c8de6324/src/telegram/preview-stream.ts
src/telegram/send-file.test.ts,3238,c4e265d22c4e0fa6d956902b7f86f8b4138bfb3d86be4343edec093ef99e0427,https://github.com/superagent-ai/grok-cli/blob/fb97af83f06dca873281d60168430f06c8de6324/src/telegram/send-file.test.ts
src/telegram/send-file.ts,2764,96ad2143285385218f259b2baa037141fc407a3b098dd896b9f0d6ed2e81bc42,https://github.com/superagent-ai/grok-cli/blob/fb97af83f06dca873281d60168430f06c8de6324/src/telegram/send-file.ts
src/telegram/turn-coordinator.ts,482,23fb39188768db0e8480d59c9e9cfd191e03895a19c58dc9b5f5fb7cd71065cd,https://github.com/superagent-ai/grok-cli/blob/fb97af83f06dca873281d60168430f06c8de6324/src/telegram/turn-coordinator.ts
src/telegram/typing-refresh.ts,659,c3ceeea855f4fae402dcd7e1109d900c0af2cd18fd02c8343d932151df448581,https://github.com/superagent-ai/grok-cli/blob/fb97af83f06dca873281d60168430f06c8de6324/src/telegram/typing-refresh.ts
src/tools/bash.test.ts,13683,3ecee875b47e7e888d5d3253f86d5c545cb6c94e508fbf609adda959fb5db14d,https://github.com/superagent-ai/grok-cli/blob/fb97af83f06dca873281d60168430f06c8de6324/src/tools/bash.test.ts
src/tools/bash.ts,21001,71bddda5ccdd6c9616fcd6090b037e20737634f3f682bc563ccb6b8978a2c400,https://github.com/superagent-ai/grok-cli/blob/fb97af83f06dca873281d60168430f06c8de6324/src/tools/bash.ts
src/tools/computer.test.ts,6108,843c7c4fd8881bb665788512c3e5a2d2c69965c64f2112eec9a9eae4dc2a6434,https://github.com/superagent-ai/grok-cli/blob/fb97af83f06dca873281d60168430f06c8de6324/src/tools/computer.test.ts
src/tools/computer.ts,18958,e4723d2d73320d4da5d03b60a5b65618d06e7327f3b18135ba843380e5888761,https://github.com/superagent-ai/grok-cli/blob/fb97af83f06dca873281d60168430f06c8de6324/src/tools/computer.ts
src/tools/file.test.ts,2889,ee2daea3615fde2d81676aaf2d3bd1be4b753245b2e5ad985334d3e5c2231c9e,https://github.com/superagent-ai/grok-cli/blob/fb97af83f06dca873281d60168430f06c8de6324/src/tools/file.test.ts
src/tools/file.ts,4556,6d0e73478202b7f816494210bd683e212bc5b13ea9c08ce094c80e1cb08b6b44,https://github.com/superagent-ai/grok-cli/blob/fb97af83f06dca873281d60168430f06c8de6324/src/tools/file.ts
src/tools/grep.ts,5312,69d9cbf5517c150887820a7e9f726d3fe554d7474077646b704a6974ac611622,https://github.com/superagent-ai/grok-cli/blob/fb97af83f06dca873281d60168430f06c8de6324/src/tools/grep.ts
src/tools/schedule.test.ts,4539,dc8d2aebf6c1cde76ecbfa1ebfed8ceb4b71a21346a4ebe61b4433c6bea4952e,https://github.com/superagent-ai/grok-cli/blob/fb97af83f06dca873281d60168430f06c8de6324/src/tools/schedule.test.ts
src/tools/schedule.ts,18152,4800c872f9e55856230695cfc4414fe5f9803f075b142cd1e9c649b8c5b3b4ee,https://github.com/superagent-ai/grok-cli/blob/fb97af83f06dca873281d60168430f06c8de6324/src/tools/schedule.ts
src/types/index.ts,6587,08629f87697d2471774437ddb2abfa995339163d7a3ffeca18b42472015aeafb,https://github.com/superagent-ai/grok-cli/blob/fb97af83f06dca873281d60168430f06c8de6324/src/types/index.ts
src/ui/agents-modal.tsx,9012,ae22045deb4c91f42b1368680f6739d9fc4456e34204fce8558d8db612d17ba1,https://github.com/superagent-ai/grok-cli/blob/fb97af83f06dca873281d60168430f06c8de6324/src/ui/agents-modal.tsx
src/ui/app.tsx,192407,ccc8f74f950cc676744d75161d60fedd178863cfce8e64a3a2042f17fd1a898e,https://github.com/superagent-ai/grok-cli/blob/fb97af83f06dca873281d60168430f06c8de6324/src/ui/app.tsx
src/ui/components/SuggestionOverlay.tsx,1055,3d5827bc2e7a0aca19fae18f12fdad52e40d98170defc74fb8b1d761348b2186,https://github.com/superagent-ai/grok-cli/blob/fb97af83f06dca873281d60168430f06c8de6324/src/ui/components/SuggestionOverlay.tsx
src/ui/components/btw-overlay.tsx,1835,18fd25880198a4c6fd6b7f9b38e752dd9ac514d1be4ce9193a127090a1396e15,https://github.com/superagent-ai/grok-cli/blob/fb97af83f06dca873281d60168430f06c8de6324/src/ui/components/btw-overlay.tsx
src/ui/hooks/useTypeahead.ts,4485,4ec8d12fce187ab63916e63b44d70444a5b6b437f24c77dff9b01ec8fd6ee0b9,https://github.com/superagent-ai/grok-cli/blob/fb97af83f06dca873281d60168430f06c8de6324/src/ui/hooks/useTypeahead.ts
src/ui/markdown.tsx,1800,02a0a51ddba7328db2b78faba20ec7beea4040f3858c3b3bd65aa8ef44c36df2,https://github.com/superagent-ai/grok-cli/blob/fb97af83f06dca873281d60168430f06c8de6324/src/ui/markdown.tsx
src/ui/mcp-modal-types.ts,838,4af0cec5a384ea2fc8eb4023da85600b222db3aca70fd4e4880a50b02f62f5e9,https://github.com/superagent-ai/grok-cli/blob/fb97af83f06dca873281d60168430f06c8de6324/src/ui/mcp-modal-types.ts
src/ui/mcp-modal.tsx,16841,06c62d93393083bc3420ace3aa448b4f6ee21746dbf31a97feb87bc731d33f3d,https://github.com/superagent-ai/grok-cli/blob/fb97af83f06dca873281d60168430f06c8de6324/src/ui/mcp-modal.tsx
src/ui/plan.tsx,11242,2f9a6767f0c4d338dc1283ae508cbfd82a00586d14ff81d0d890f0210a055b10,https://github.com/superagent-ai/grok-cli/blob/fb97af83f06dca873281d60168430f06c8de6324/src/ui/plan.tsx
src/ui/schedule-modal.tsx,4228,26bd4d17402b8216a59a5fae5e19f8c3834f0b3912e31bbc2b2625c79b82dc18,https://github.com/superagent-ai/grok-cli/blob/fb97af83f06dca873281d60168430f06c8de6324/src/ui/schedule-modal.tsx
src/ui/slash-menu.test.ts,1084,34f2590bfae38965712ff038b747b295df43b83606d3bf643ffe0ee3defd50b3,https://github.com/superagent-ai/grok-cli/blob/fb97af83f06dca873281d60168430f06c8de6324/src/ui/slash-menu.test.ts
src/ui/slash-menu.ts,3255,9b72297d7b4639f69fdf8094965ea17d7e1ba5f9d80fa13fb4d12dcbdc6dbf61,https://github.com/superagent-ai/grok-cli/blob/fb97af83f06dca873281d60168430f06c8de6324/src/ui/slash-menu.ts
src/ui/telegram-turn-ui.test.ts,2624,265a1446ad98468af879e49539586994ff40a206fe465f9d252bff8548f4e52f,https://github.com/superagent-ai/grok-cli/blob/fb97af83f06dca873281d60168430f06c8de6324/src/ui/telegram-turn-ui.test.ts
src/ui/telegram-turn-ui.ts,2395,cc819287941f48e6fc8d287ff9dc5bb7995c308d355ce55300a94031d013223f,https://github.com/superagent-ai/grok-cli/blob/fb97af83f06dca873281d60168430f06c8de6324/src/ui/telegram-turn-ui.ts
src/ui/terminal-selection-text.ts,2903,837799a54cc80ea28149c6b9f5be95a3ded9af843b8b1a6315b8d8a6ed0887b5,https://github.com/superagent-ai/grok-cli/blob/fb97af83f06dca873281d60168430f06c8de6324/src/ui/terminal-selection-text.ts
src/ui/theme.ts,1368,07f5ffadbb6d1c4d2349cb717e448ba95aff47179fb97dbeb0340384a61f3941,https://github.com/superagent-ai/grok-cli/blob/fb97af83f06dca873281d60168430f06c8de6324/src/ui/theme.ts
src/utils/at-mentions.ts,3763,3ca9b43134de7193f29a2c4bf1acee0a8238027c8cdf6184a4e6bfb369474579,https://github.com/superagent-ai/grok-cli/blob/fb97af83f06dca873281d60168430f06c8de6324/src/utils/at-mentions.ts
src/utils/file-index.ts,3286,756df3d05b0f90e88e8e221ea9a160b181c7d53e1b2a981039d8dddc3f16c9a4,https://github.com/superagent-ai/grok-cli/blob/fb97af83f06dca873281d60168430f06c8de6324/src/utils/file-index.ts
src/utils/git-root.ts,370,1886279e64e991049ecf30f6f571298a9a7895b430dfe6e8492f31e39f7e7c51,https://github.com/superagent-ai/grok-cli/blob/fb97af83f06dca873281d60168430f06c8de6324/src/utils/git-root.ts
src/utils/host-clipboard.ts,918,c9f33965bad4ec1de56786a5b3be0f52b68bef79868d5c17db88501ade40af67,https://github.com/superagent-ai/grok-cli/blob/fb97af83f06dca873281d60168430f06c8de6324/src/utils/host-clipboard.ts
src/utils/install-manager.test.ts,5789,4637c6a9f2b3af7e259e2faef8957d4bdae5e41275a152a44fd158709e6d3a8f,https://github.com/superagent-ai/grok-cli/blob/fb97af83f06dca873281d60168430f06c8de6324/src/utils/install-manager.test.ts
src/utils/install-manager.ts,15115,7d4b652951995adc80d3048dc2e5f0f1f346a4b15bf1ec441ac7a09d8b4e5bea,https://github.com/superagent-ai/grok-cli/blob/fb97af83f06dca873281d60168430f06c8de6324/src/utils/install-manager.ts
src/utils/instructions.test.ts,3007,a2569595a362572bd51b3a95f48ebed17b49fe65661eff0358c616d57606a8d2,https://github.com/superagent-ai/grok-cli/blob/fb97af83f06dca873281d60168430f06c8de6324/src/utils/instructions.test.ts
src/utils/instructions.ts,2353,021dcbd3f6d988d3e443a65188b0a708fac72405b06e92026ff2f77ec24a0281,https://github.com/superagent-ai/grok-cli/blob/fb97af83f06dca873281d60168430f06c8de6324/src/utils/instructions.ts
src/utils/settings.ts,22697,2fa161bb1fcaaf4a70ae11118ce131bb28faa157f9c3184abf314ed16d92e2a4,https://github.com/superagent-ai/grok-cli/blob/fb97af83f06dca873281d60168430f06c8de6324/src/utils/settings.ts
src/utils/side-question.ts,1422,c592f4adf87515dcf13f57b577bdbd020b87cbe0df14c9a9d500d37bc41f9bd1,https://github.com/superagent-ai/grok-cli/blob/fb97af83f06dca873281d60168430f06c8de6324/src/utils/side-question.ts
src/utils/skills.test.ts,2019,20482bac28cea09dedfbbffbaa3806b7ae0a67d6bcdacee2801de9b2aa8e7633,https://github.com/superagent-ai/grok-cli/blob/fb97af83f06dca873281d60168430f06c8de6324/src/utils/skills.test.ts
src/utils/skills.ts,6891,9387211fa4a2d5736c4d12bd0ed2f20ca4ecb5d97d34e10176bfaa76fcd819a8,https://github.com/superagent-ai/grok-cli/blob/fb97af83f06dca873281d60168430f06c8de6324/src/utils/skills.ts
src/utils/subagent-display.test.ts,970,0ff6a1935b0e10a923b67109227420953bad15d33940c014ee6d96f3b31bbd82,https://github.com/superagent-ai/grok-cli/blob/fb97af83f06dca873281d60168430f06c8de6324/src/utils/subagent-display.test.ts
src/utils/subagent-display.ts,494,20fea25dd71615c7725c9e6c891fef14224cc849a5915dda0c0f730ba02f33ca,https://github.com/superagent-ai/grok-cli/blob/fb97af83f06dca873281d60168430f06c8de6324/src/utils/subagent-display.ts
src/utils/subagents-settings.test.ts,3112,15069e058eeb4b17b80632100feb68507d25602545e71f597b40c9841ac7dec4,https://github.com/superagent-ai/grok-cli/blob/fb97af83f06dca873281d60168430f06c8de6324/src/utils/subagents-settings.test.ts
src/utils/telegram-audio-settings.test.ts,1187,743ef0d6bab09a2c175b130e654b55e3e5e1482450a74a631d3560c5e71356f3,https://github.com/superagent-ai/grok-cli/blob/fb97af83f06dca873281d60168430f06c8de6324/src/utils/telegram-audio-settings.test.ts
src/utils/update-checker.test.ts,5504,de08fac8484bccfeb6a93089ca5f7cade0a3197b5b8e5dc3c2cec77c909330e9,https://github.com/superagent-ai/grok-cli/blob/fb97af83f06dca873281d60168430f06c8de6324/src/utils/update-checker.test.ts
src/utils/update-checker.ts,1021,67bd0fb10d97e36cabc7d776ff00e061d7bec028990f248fb0725da8d21e29c1,https://github.com/superagent-ai/grok-cli/blob/fb97af83f06dca873281d60168430f06c8de6324/src/utils/update-checker.ts
src/utils/workspace-trust.test.ts,4088,b049ebcd4a18f3842e0122b486d9e8f280e36c054ce6ea8e12e9e9c4d9ff3cd2,https://github.com/superagent-ai/grok-cli/blob/fb97af83f06dca873281d60168430f06c8de6324/src/utils/workspace-trust.test.ts
src/utils/workspace-trust.ts,3457,c979a1b6330b783c4a4e003f795a0da492d72c2cdfdf0f8d2aafec087f623eac,https://github.com/superagent-ai/grok-cli/blob/fb97af83f06dca873281d60168430f06c8de6324/src/utils/workspace-trust.ts
src/verify/checkpoint.test.ts,6623,21aea89a359e5eba0aada9b53a750e50f993d74c31dadb0a3657c3482e1813ef,https://github.com/superagent-ai/grok-cli/blob/fb97af83f06dca873281d60168430f06c8de6324/src/verify/checkpoint.test.ts
src/verify/checkpoint.ts,7909,33640459b76ccea0fe539638f7a0792540e174eac355767156b96300ad09137f,https://github.com/superagent-ai/grok-cli/blob/fb97af83f06dca873281d60168430f06c8de6324/src/verify/checkpoint.ts
src/verify/entrypoint.test.ts,12160,f5bce995e9a2841320f07e2aa59ccc47381fbaf3c11c7d2dd6a280937fce4fb5,https://github.com/superagent-ai/grok-cli/blob/fb97af83f06dca873281d60168430f06c8de6324/src/verify/entrypoint.test.ts
src/verify/entrypoint.ts,19088,5fb180e0b442cd3c8185edf6a0f2ca5ee44596cbc57910e4a683c6726fd7a3c8,https://github.com/superagent-ai/grok-cli/blob/fb97af83f06dca873281d60168430f06c8de6324/src/verify/entrypoint.ts
src/verify/environment.test.ts,4094,6cd8f95a6f0f32d0b7f164437434040340d52ef966c3debba3ca2264a83ff590,https://github.com/superagent-ai/grok-cli/blob/fb97af83f06dca873281d60168430f06c8de6324/src/verify/environment.test.ts
src/verify/environment.ts,5028,c488ff887e17a1125e4a4a6e2d3ecc55494bd23d85a0371634d3162098b7cb8b,https://github.com/superagent-ai/grok-cli/blob/fb97af83f06dca873281d60168430f06c8de6324/src/verify/environment.ts
src/verify/evidence.ts,5859,d7f309e952c4882fadf901d0b28a4b574722ec8489a744d62aa23e34df9fcf8b,https://github.com/superagent-ai/grok-cli/blob/fb97af83f06dca873281d60168430f06c8de6324/src/verify/evidence.ts
src/verify/orchestrator.test.ts,5811,4cb25e195c46d1e0017f485282a04c7a99804457ec4e8030b2228b8a0e5145b9,https://github.com/superagent-ai/grok-cli/blob/fb97af83f06dca873281d60168430f06c8de6324/src/verify/orchestrator.test.ts
src/verify/orchestrator.ts,4610,214530d0e05bc8b6bda82180b285f121573e9c0bdef384232d82dd6e1455b1a2,https://github.com/superagent-ai/grok-cli/blob/fb97af83f06dca873281d60168430f06c8de6324/src/verify/orchestrator.ts
src/verify/recipes.ts,16899,69fd82936b7de2bc25df53897456341a6ddf3647ec07a646b3322db34a07b151,https://github.com/superagent-ai/grok-cli/blob/fb97af83f06dca873281d60168430f06c8de6324/src/verify/recipes.ts
src/verify/retry.ts,2575,6978250dada135e91e237e423d872b95c607b87c9c45331fe3e16ca0b3798a71,https://github.com/superagent-ai/grok-cli/blob/fb97af83f06dca873281d60168430f06c8de6324/src/verify/retry.ts
src/verify/runtime-prep.test.ts,1599,9bb3d30274d3e6a62daf4d800925dfd24d4d52cf01a47de061d92ac009b58497,https://github.com/superagent-ai/grok-cli/blob/fb97af83f06dca873281d60168430f06c8de6324/src/verify/runtime-prep.test.ts
src/wallet/manager.ts,3387,18e1b2926498d90fc24177fe7c89f553e9f392be02ecbe810615ed6a7c29ffd4,https://github.com/superagent-ai/grok-cli/blob/fb97af83f06dca873281d60168430f06c8de6324/src/wallet/manager.ts
src/wallet/types.ts,301,91f61d69d373d1f8dc03c89b4d5d51ee80e04c9ebc32b2615b66234ac809cd6a,https://github.com/superagent-ai/grok-cli/blob/fb97af83f06dca873281d60168430f06c8de6324/src/wallet/types.ts
tsconfig.json,557,c92769b9f6a247c369ba2bb40440f7a3f4fbcf43a5458ac75c61057841a304b5,https://github.com/superagent-ai/grok-cli/blob/fb97af83f06dca873281d60168430f06c8de6324/tsconfig.json
vitest.config.ts,179,e7dab914ec4ddbdb9f1037cbbed4836a80fd4e4d1ecfa29c16375443c314fe51,https://github.com/superagent-ai/grok-cli/blob/fb97af83f06dca873281d60168430f06c8de6324/vitest.config.ts
